{
    "id": 492,
    "name": "Naruto Con \u0111\u01b0\u1eddng tr\u1edf th\u00e0nh Hokage",
    "allow_practice": 1,
    "diff_cmd": "diff",
    "diff_arg": "-bB",
    "admin_note": "Greedy Homework\r\n(Down file PDF \u0111\u1ec3 th\u1ea5y \u0111\u01b0\u1ee3c b\u1ea3n ch\u1ec9nh s\u1eeda c\u1ee7a \u0111\u1ec1)",
    "difficult": 3,
    "elo": null,
    "created_at": "2023-10-15T15:18:47.000000Z",
    "updated_at": "2023-10-23T16:08:21.000000Z",
    "user_id": 516,
    "sharable": 1,
    "author": "22521178",
    "editorial": null,
    "languages": [
        {
            "id": 4,
            "name": "Python 3",
            "extension": "py3",
            "default_time_limit": 1000,
            "default_memory_limit": 50000,
            "sorting": 20,
            "created_at": null,
            "updated_at": "2021-12-24T14:53:19.000000Z",
            "pivot": {
                "problem_id": 492,
                "language_id": 4,
                "created_at": "2023-10-16T17:24:52.000000Z",
                "updated_at": "2023-10-16T17:24:52.000000Z",
                "time_limit": 3000,
                "memory_limit": 50000
            }
        }
    ]
}