{
    "id": 490,
    "name": "Nobita phi\u00eau l\u01b0u k\u00fd",
    "allow_practice": 1,
    "diff_cmd": "diff",
    "diff_arg": "-bB",
    "admin_note": "Greedy Homework",
    "difficult": 3,
    "elo": null,
    "created_at": "2023-10-14T12:51:52.000000Z",
    "updated_at": "2023-10-24T04:50:18.000000Z",
    "user_id": 516,
    "sharable": 1,
    "author": "22521178",
    "editorial": null,
    "languages": [
        {
            "id": 4,
            "name": "Python 3",
            "extension": "py3",
            "default_time_limit": 1000,
            "default_memory_limit": 50000,
            "sorting": 20,
            "created_at": null,
            "updated_at": "2021-12-24T14:53:19.000000Z",
            "pivot": {
                "problem_id": 490,
                "language_id": 4,
                "created_at": "2023-10-15T13:01:10.000000Z",
                "updated_at": "2023-10-15T13:01:10.000000Z",
                "time_limit": 3000,
                "memory_limit": 50000
            }
        }
    ]
}